<?xml version="1.0" encoding="UTF-8" ?>
<install version="1.5" type="plugin" group="vmpayment" >

    <name>VM - Payment, PayFast</name>
    <creationDate>May 2012</creationDate>
    <author>PayFast (Pty) Ltd</author>
    <authorUrl>http://www.payfast.co.za</authorUrl>
    <copyright>Copyright (C) 2012 PayFast. All rights reserved.</copyright>
    <license>http://www.gnu.org/licenses/gpl-3.0.html GNU/GPL</license>
    <version>2.0</version>
    <description><![CDATA[<a href="http://payfast.com" target="_blank">PayFast</a> ]]></description>
    
    <files>
        <filename plugin="payfast">payfast.php</filename>
        <filename>payfast_common.inc</filename>
        <filename>index.html</filename>
    </files>
    
    <media folder="images" destination="../images/stories/virtuemart/payment">
	   <filename>payfast.png</filename>
       <filename>payfastlogo.gif</filename>
    </media>
    
    <languages destination="./administrator/language/en-GB">
	<language tag="en-GB">en-GB.plg_vmpayment_payfast.ini</language>
    </languages>
    <params addpath="/administrator/components/com_virtuemart/elements">
    
	<param type="vmjpluginwarning" />
	<param   type="spacer" default="VMPAYMENT_PAYFAST_PARAMS" level="level1" />
	<param type="text" name="payfast_merchant_id"  size="50" label="VMPAYMENT_PAYFAST_MERCHANT_ID"
             default="" description="VMPAYMENT_PAYFAST_MERCHANT_ID_DESC" />
	<param type="text" name="payfast_merchant_key"  size="50" label="VMPAYMENT_PAYFAST_MERCHANT_KEY"
             default="" description="VMPAYMENT_PAYFAST_MERCHANT_KEY_DESC" />
    <param type="text" name="payfast_passphrase"  size="50" label="PAYFAST PASSPHRASE"
             default="" description="VMPAYMENT_PAYFAST_PASSPHRASE_DESC" />

	<param type="spacer" default="VMPAYMENT_PAYFAST_SANDBOX_PARAMS" level="level1" />

	<param name="sandbox" type="radio" default="1" label="VMPAYMENT_PAYFAST_SANDBOX" description="VMPAYMENT_PAYFAST_SANDBOX_DESC" >
	    <option value="0">COM_VIRTUEMART_NO</option>
	    <option value="1">COM_VIRTUEMART_YES</option>
	</param>

	<param   type="spacer" default="VMPAYMENT_PAYFAST_VIRTUEMART_PARAMS" level="level1" />
	<param	name="payment_logos" type="vmfiles" label="VMPAYMENT_PAYFAST_LOGOS"
             	description="VMPAYMENT_PAYFAST_LOGOS_DESC"
             	directory="/images/stories/virtuemart/payment"
             	default="default" hide_default="1" hide_none="1"
             	stripext="0"  exclude="^_" />

	<param name="status_pending" type="vmorderstate" scope="com_virtuemart" default="P" label="VMPAYMENT_PAYFAST_STATUS_PENDING" description="VMPAYMENT_PAYFAST_STATUS_PENDING_EXPLAIN" />
	<param name="status_success" type="vmorderstate" scope="com_virtuemart" default="C" label="VMPAYMENT_PAYFAST_STATUS_SUCCESS" description="VMPAYMENT_PAYFAST_STATUS_SUCCESS_EXPLAIN" />
	<param name="status_canceled" type="vmorderstate" scope="com_virtuemart" default="X" label="VMPAYMENT_PAYFAST_STATUS_FAILED" description="VMPAYMENT_PAYFAST_STATUS_FAILED_EXPLAIN" />
	<param name="countries" type="vmcountries"  scope="com_virtuemart" default="" label="VMPAYMENT_PAYFAST_COUNTRIES" description="VMPAYMENT_PAYFAST_COUNTRIES_DESC"/>
	<param name="min_amount" type="text"  label="VMPAYMENT_PAYFAST_MIN_AMOUNT" description="VMPAYMENT_PAYFAST_MIN_AMOUNT_EXPLAIN" />
	<param name="max_amount" type="text"  label="VMPAYMENT_PAYFAST_MAX_AMOUNT" description="VMPAYMENT_PAYFAST_MAX_AMOUNT_EXPLAIN" />
	<param name="tax_id" type="vmtaxes" scope="com_virtuemart"  label="VMPAYMENT_PAYFAST_TAX" description="VMPAYMENT_PAYFAST_TAX_EXPLAIN" />
    </params>

    <fieldset addpath="/administrator/components/com_virtuemart/elements">
	<field type="vmjpluginwarning" />
	<field type="spacer" default="VMPAYMENT_PAYFAST_FIELDS" level="level1" />
	<field type="text" name="payfast_merchant_id"  size="50" label="VMPAYMENT_PAYFAST_MERCHANT_ID"
             default="" description="VMPAYMENT_PAYFAST_MERCHANT_ID_DESC" />
	<field type="text" name="payfast_merchant_key"  size="50" label="VMPAYMENT_PAYFAST_MERCHANT_KEY"
             default="" description="VMPAYMENT_PAYFAST_MERCHANT_KEY_DESC" />
    <field type="text" name="payfast_passphrase"  size="50" label="VMPAYMENT_PAYFAST_PASSPHRASE"
             default="" description="VMPAYMENT_PAYFAST_PASSPHRASE_DESC" />

	<field	name="payment_logos" type="vmfiles" label="VMPAYMENT_PAYFAST_LOGOS"
             	description="VMPAYMENT_PAYFAST_LOGOS_DESC"
             	directory="/images/stories/virtuemart/payment"
             	default="default" hide_default="1" hide_none="1"
             	stripext="0"  exclude="^_" />

	<field   type="spacer" default="VMPAYMENT_PAYFAST_SANDBOX_FIELDS" level="level1" />

	<field name="sandbox" type="radio" default="1" label="VMPAYMENT_PAYFAST_SANDBOX" description="VMPAYMENT_PAYFAST_SANDBOX_DESC" >
	    <option value="0">COM_VIRTUEMART_NO</option>
	    <option value="1">COM_VIRTUEMART_YES</option>
	</field>

	<field   type="spacer" default="VMPAYMENT_PAYFAST_VIRTUEMART_FIELDS" level="level1" />

	<field	name="payment_logos" type="vmfiles" label="VMPAYMENT_PAYFAST_LOGOS"
             	description="VMPAYMENT_PAYFAST_LOGOS_DESC"
             	directory="/images/stories/virtuemart/payment"
             	default="default" hide_default="1" hide_none="1"
             	stripext="0"  exclude="^_" />

	<field name="status_pending" type="vmorderstate" scope="com_virtuemart" default="P" label="VMPAYMENT_PAYFAST_STATUS_PENDING" description="VMPAYMENT_PAYFAST_STATUS_PENDING_EXPLAIN" />
	<field name="status_success" type="vmorderstate" scope="com_virtuemart" default="C" label="VMPAYMENT_PAYFAST_STATUS_SUCCESS" description="VMPAYMENT_PAYFAST_STATUS_SUCCESS_EXPLAIN" />
	<field name="status_canceled" type="vmorderstate" scope="com_virtuemart" default="X" label="VMPAYMENT_PAYFAST_STATUS_FAILED" description="VMPAYMENT_PAYFAST_STATUS_FAILED_EXPLAIN" />
	<field name="countries" type="vmcountries"  scope="com_virtuemart" default="" label="VMPAYMENT_PAYFAST_COUNTRIES" description="VMPAYMENT_PAYFAST_COUNTRIES_DESC"/>

	<field name="min_amount" type="text"  label="VMPAYMENT_PAYFAST_MIN_AMOUNT" description="VMPAYMENT_PAYFAST_MIN_AMOUNT_EXPLAIN" />
	<field name="max_amount" type="text"  label="VMPAYMENT_PAYFAST_MAX_AMOUNT" description="VMPAYMENT_PAYFAST_MAX_AMOUNT_EXPLAIN" />
	<field name="payment_tax_id" type="vmtaxes" scope="com_virtuemart"  label="VMPAYMENT_PAYFAST_TAX" description="VMPAYMENT_PAYFAST_TAX_EXPLAIN" />
    </fieldset>
</install>
